Source,Target,Weight
santiviquez,LyleLanleysMonorail,2
santiviquez,Dull_Road_9619,1
santiviquez,AIHawk_Founder,1
santiviquez,Particular_Tap_4002,1
santiviquez,slashdave,1
santiviquez,Dry-Shoulder-8574,1
santiviquez,pm_me_your_smth,1
starktonny11,stelaukin,1
Gold-Artichoke-9288,portobellomonsoon,1
Gold-Artichoke-9288,jgrowallday,1
Gold-Artichoke-9288,jmhimara,1
venkarafa,jgrowallday,1
venkarafa,Alternative-Fox-4202,1
venkarafa,ImGallo,1
venkarafa,DubGrips,1
venkarafa,Sorry-Owl4127,1
venkarafa,__compactsupport__,1
nobody_undefined,Kris_714,1
nobody_undefined,SpeedaRJ,1
nobody_undefined,tennisanybody,1
nobody_undefined,A_B_1_2,1
Waste_Necessary654,Accomplished-Wave356,1
ArticleLegal5612,OxheadGreg123,1
ArticleLegal5612,MrSaints16,1
jmhimara,Duder1983,1
jmhimara,Science_competitor,1
jmhimara,jgrowallday,1
jmhimara,big_data_mike,1
jmhimara,Noonecanfindmenow,1
jmhimara,Cosack,1
jmhimara,jonnyboyrebel,1
jmhimara,Will_Tomos_Edwards,1
jmhimara,odumann,1
jmhimara,srijared,1
jmhimara,dataGuyThe8th,1
portobellomonsoon,Jazzlike_Syllabub_91,1
brilliantminion,Vinayplusj,1
brilliantminion,decrementsf,1
brilliantminion,jppope,1
oathkeeperkh,mr_chanandler_bong_1,1
Educational_Can_4652,Dull_Road_9619,1
Educational_Can_4652,DubGrips,1
QianLu,Kaiso25Gaming,1
QianLu,jgrowallday,1
QianLu,justmadethis0,1
QianLu,DeirdreHunter69,1
QianLu,Accomplished-Wave356,1
QianLu,orz-_-orz,1
QianLu,frocketgaming,1
QianLu,juliano1096,1
calbearreynad,luquoo,1
swexbe,aintwhatyoudo,1
swexbe,DeirdreHunter69,1
swexbe,jppope,1
El_Minadero,sn0wdizzle,1
El_Minadero,thicket,1
El_Minadero,jonnyboyrebel,1
snicky666,LyleLanleysMonorail,1
snicky666,Measurex2,1
snicky666,big_data_mike,1
snicky666,skeerp,1
snicky666,TripleBogeyBandit,1
snicky666,Foodwithfloyd,1
snicky666,Aggravating-Gas4980,1
snicky666,alsdhjf1,1
snicky666,juliano1096,1
Noonecanfindmenow,big_data_mike,1
Noonecanfindmenow,Cosack,1
Noonecanfindmenow,jonnyboyrebel,1
Noonecanfindmenow,odumann,1
Noonecanfindmenow,dataGuyThe8th,1
decrementsf,JosephMamalia,1
decrementsf,Vinayplusj,1
decrementsf,clarinetist001,1
MrWolf711,roheated,1
CadeOCarimbo,R-types,1
faulerauslaender,thicket,1
faulerauslaender,Matematikis,1
SpeedaRJ,tennisanybody,1
SpeedaRJ,Meerkoffiemeerbeter,1
SpeedaRJ,luquoo,1
SpeedaRJ,morganf74,1
SpeedaRJ,No_Philosopher_5885,1
Sorry-Owl4127,sailing_oceans,1
Sorry-Owl4127,ImGallo,1
Sorry-Owl4127,DubGrips,1
Sorry-Owl4127,__compactsupport__,1
SnooStories6404,lakeland_nz,1
SnooStories6404,odumann,1
odumann,big_data_mike,1
odumann,Cosack,1
odumann,jonnyboyrebel,1
odumann,dataGuyThe8th,1
dataGuyThe8th,ZestyData,1
dataGuyThe8th,Pristine-Item680,1
dataGuyThe8th,jonnyboyrebel,1
dataGuyThe8th,cy_kelly,1
dataGuyThe8th,RomanRiesen,1
dataGuyThe8th,slashdave,1
dataGuyThe8th,roheated,1
dataGuyThe8th,big_data_mike,1
dataGuyThe8th,Cosack,1
dataGuyThe8th,Silent-Sunset,1
dataGuyThe8th,justin_xv,2
dataGuyThe8th,Will_Tomos_Edwards,1
dataGuyThe8th,Atmosck,1
DubGrips,ImGallo,1
DubGrips,Cosack,1
DubGrips,jonnyboyrebel,1
DubGrips,__compactsupport__,1
Jorrissss,roheated,1
Jorrissss,znihilist,1
Jorrissss,JimmyTheCrossEyedDog,1
Jorrissss,yorevodkas0a,1
Silent-Sunset,ZestyData,1
Silent-Sunset,justin_xv,1
yolohedonist,imking27,1
yolohedonist,JimmyTheCrossEyedDog,1
spigotface,old_bearded_beats,1
spigotface,justin_xv,1
spigotface,Romaaaaaaaaaaaaaa,1
spigotface,edjuaro,1
Alternative-Fox-4202,minastepes,1
Alternative-Fox-4202,jgrowallday,1
Dry-Shoulder-8574,LyleLanleysMonorail,1
Dry-Shoulder-8574,Dull_Road_9619,1
Dry-Shoulder-8574,jgrowallday,1
Dry-Shoulder-8574,AIHawk_Founder,1
Dry-Shoulder-8574,curiousmlmind,1
Dry-Shoulder-8574,SaraSavvy24,1
Dry-Shoulder-8574,Particular_Tap_4002,1
Dry-Shoulder-8574,slashdave,1
Dry-Shoulder-8574,old_bearded_beats,1
Dry-Shoulder-8574,pm_me_your_smth,1
RB_7,Measurex2,1
RB_7,bovine-orgasm,1
RB_7,hiimresting,1
RB_7,fordat1,1
RB_7,edjuaro,1
RB_7,f4k3pl4stic,2
frocketgaming,Jazzlike_Syllabub_91,1
frocketgaming,TripleBogeyBandit,1
frocketgaming,Bjanec,1
frocketgaming,ReflectionNo3897,1
frocketgaming,a_ibanez,1
frocketgaming,snowmaninheat,1
Cosack,Sargasm666,1
Cosack,big_data_mike,1
Cosack,plhardman,1
Cosack,R-types,1
Cosack,Trungyaphets,1
Cosack,jonnyboyrebel,1
Cosack,f4k3pl4stic,1
Measurex2,LyleLanleysMonorail,1
Measurex2,bovine-orgasm,1
Measurex2,fordat1,1
Measurex2,skeerp,1
Measurex2,Foodwithfloyd,1
Measurex2,Aggravating-Gas4980,1
Measurex2,edjuaro,1
Measurex2,juliano1096,1
Measurex2,big_data_mike,1
Measurex2,hiimresting,1
Measurex2,TripleBogeyBandit,1
Measurex2,alsdhjf1,1
Measurex2,f4k3pl4stic,1
big_data_mike,LyleLanleysMonorail,1
big_data_mike,skeerp,1
big_data_mike,Foodwithfloyd,1
big_data_mike,jonnyboyrebel,1
big_data_mike,Aggravating-Gas4980,1
big_data_mike,juliano1096,1
big_data_mike,TripleBogeyBandit,1
big_data_mike,alsdhjf1,1
tennisanybody,Graphs_Net,1
tennisanybody,nicknackers10,1
No_Philosopher_5885,Meerkoffiemeerbeter,1
No_Philosopher_5885,luquoo,1
No_Philosopher_5885,morganf74,1
yorevodkas0a,roheated,1
yorevodkas0a,jgrowallday,1
yorevodkas0a,OmnipresentCPU,1
Graphs_Net,nicknackers10,1
Graphs_Net,hallowed_by,1
Graphs_Net,hunter_27,1
Meerkoffiemeerbeter,luquoo,1
Meerkoffiemeerbeter,morganf74,1
Ok_Composer_1761,Kris_714,1
Ok_Composer_1761,A_B_1_2,1
Consistent_Equal5327,Mascotman,1
Consistent_Equal5327,indie-devops,1
Consistent_Equal5327,OpenAITutor,1
hiimresting,fordat1,1
hiimresting,jonnyboyrebel,1
hiimresting,f4k3pl4stic,1
hiimresting,edjuaro,1
hiimresting,bovine-orgasm,1
ZestyData,justin_xv,1
Swimming_Cry_6841,Sargasm666,1
Swimming_Cry_6841,Science_competitor,1
Swimming_Cry_6841,mr_chanandler_bong_1,1
Swimming_Cry_6841,Flineki,1
Swimming_Cry_6841,edjuaro,1
Accomplished-Wave356,Mimogger,1
Accomplished-Wave356,justmadethis0,1
Accomplished-Wave356,DeirdreHunter69,1
Accomplished-Wave356,orz-_-orz,1
Accomplished-Wave356,juliano1096,2
3c2456o78_w,fordat1,1
3c2456o78_w,sweetmorty,1
ron_ninja,aimendezl,1
ron_ninja,indie-devops,1
ron_ninja,Foodwithfloyd,1
ron_ninja,Jazzlike_Syllabub_91,1
change_of_basis,imking27,1
change_of_basis,Flineki,1
Foodwithfloyd,LyleLanleysMonorail,1
Foodwithfloyd,indie-devops,1
Foodwithfloyd,Jazzlike_Syllabub_91,1
Foodwithfloyd,skeerp,1
Foodwithfloyd,TripleBogeyBandit,1
Foodwithfloyd,Aggravating-Gas4980,1
Foodwithfloyd,alsdhjf1,1
Foodwithfloyd,juliano1096,1
OpenAITutor,hallowed_by,1
OpenAITutor,thicket,1
OpenAITutor,hunter_27,1
A_B_1_2,Kris_714,2
imking27,JimmyTheCrossEyedDog,1
JosephMamalia,clarinetist001,1
roheated,Pristine-Item680,1
roheated,cy_kelly,1
roheated,Will_Tomos_Edwards,1
roheated,RomanRiesen,1
roheated,slashdave,1
mr_chanandler_bong_1,Sargasm666,1
mr_chanandler_bong_1,Jazzlike_Syllabub_91,1
mr_chanandler_bong_1,ImGallo,1
mr_chanandler_bong_1,Flineki,1
mr_chanandler_bong_1,alsdhjf1,1
LyleLanleysMonorail,Dull_Road_9619,1
LyleLanleysMonorail,skeerp,1
LyleLanleysMonorail,AIHawk_Founder,1
LyleLanleysMonorail,Aggravating-Gas4980,1
LyleLanleysMonorail,slashdave,1
LyleLanleysMonorail,juliano1096,1
LyleLanleysMonorail,pm_me_your_smth,1
LyleLanleysMonorail,TripleBogeyBandit,1
LyleLanleysMonorail,Particular_Tap_4002,1
LyleLanleysMonorail,alsdhjf1,1
Bigchillen_03,the_brown_saber,1
DeirdreHunter69,justmadethis0,1
DeirdreHunter69,orz-_-orz,1
DeirdreHunter69,f4k3pl4stic,1
morganf74,laughingwalls,1
morganf74,luquoo,1
orz-_-orz,justmadethis0,1
RomanRiesen,Pristine-Item680,1
RomanRiesen,Will_Tomos_Edwards,1
RomanRiesen,cy_kelly,1
RomanRiesen,slashdave,1
Science_competitor,Duder1983,1
Science_competitor,Will_Tomos_Edwards,2
Science_competitor,srijared,1
Thanh1211,f4k3pl4stic,1
Thanh1211,Trungyaphets,1
Duder1983,srijared,1
Duder1983,Will_Tomos_Edwards,1
skeerp,TripleBogeyBandit,1
skeerp,Aggravating-Gas4980,1
skeerp,alsdhjf1,1
skeerp,juliano1096,1
Jazzlike_Syllabub_91,indie-devops,1
Jazzlike_Syllabub_91,ImGallo,1
Jazzlike_Syllabub_91,Bjanec,1
Jazzlike_Syllabub_91,alsdhjf1,1
fordat1,f4k3pl4stic,1
fordat1,edjuaro,1
fordat1,bovine-orgasm,1
hunter_27,hallowed_by,2
hunter_27,thicket,1
f4k3pl4stic,R-types,1
f4k3pl4stic,edjuaro,1
f4k3pl4stic,bovine-orgasm,1
jgrowallday,Kaiso25Gaming,1
jgrowallday,curiousmlmind,1
jgrowallday,SaraSavvy24,1
jgrowallday,Atmosck,1
jgrowallday,old_bearded_beats,1
jgrowallday,juliano1096,1
Flineki,Sargasm666,1
Flineki,Dull_Road_9619,1
Flineki,dlchira,1
Flineki,alsdhjf1,1
a_ibanez,TripleBogeyBandit,1
a_ibanez,Bjanec,1
alsdhjf1,TripleBogeyBandit,1
alsdhjf1,ImGallo,1
alsdhjf1,Vinayplusj,1
alsdhjf1,Aggravating-Gas4980,1
alsdhjf1,juliano1096,1
Trungyaphets,Sargasm666,1
Kaiso25Gaming,juliano1096,1
__compactsupport__,ImGallo,1
old_bearded_beats,SaraSavvy24,1
old_bearded_beats,curiousmlmind,1
curiousmlmind,Electronic-Mine-,1
curiousmlmind,SaraSavvy24,1
Particular_Tap_4002,Dull_Road_9619,1
Particular_Tap_4002,AIHawk_Founder,2
Particular_Tap_4002,slashdave,1
Particular_Tap_4002,pm_me_your_smth,1
Vinayplusj,Will_Tomos_Edwards,1
snowmaninheat,ReflectionNo3897,1
justin_xv,edjuaro,1
juliano1096,TripleBogeyBandit,1
juliano1096,Aggravating-Gas4980,1
Pristine-Item680,Will_Tomos_Edwards,1
Pristine-Item680,cy_kelly,1
Pristine-Item680,slashdave,1
TripleBogeyBandit,Bjanec,1
TripleBogeyBandit,Aggravating-Gas4980,1
AIHawk_Founder,Dull_Road_9619,1
AIHawk_Founder,slashdave,1
AIHawk_Founder,pm_me_your_smth,1
edjuaro,OmnipresentCPU,1
edjuaro,bovine-orgasm,1
cy_kelly,Will_Tomos_Edwards,1
cy_kelly,slashdave,1
dlchira,Dull_Road_9619,1
thicket,hallowed_by,1
Will_Tomos_Edwards,srijared,1
Will_Tomos_Edwards,slashdave,1
slashdave,Dull_Road_9619,1
slashdave,srijared,1
slashdave,pm_me_your_smth,1
pm_me_your_smth,Dull_Road_9619,1
